title,body,field_field_image,field_boolean,field_comments,field_date,field_email,field_link,field_list_float,field_list_integer,field_list_text,field_num_decimal,field_num_float,field_num_integer,field_taxonomy_reference,field_text_formatted,field_text_formatted_long,field_text_formatted_long_sum,field_text_plain,field_text_plain_long,field_timestamp,field_user_reference
Content Import Test1,"<div>
<h2>What is Lorem Ipsum</h2>
<p><strong>Lorem Ipsum</strong> is simply dummy text of the printing and typesetting industry. Lorem Ipsum has been the industry's standard dummy text ever since the 1500s, when an unknown printer took a galley of type and scrambled it to make a type specimen book. It has survived not only five centuries, but also the leap into electronic typesetting, remaining essentially unchanged. It was popularised in the 1960s with the release of Letraset sheets containing Lorem Ipsum passages, and more recently with desktop publishing software like Aldus PageMaker including versions of Lorem Ipsum.</p>
</div>",xxxx.jpeg,On,COmment2,2017-08-04 7:51:45,xxx@gmail.com,http://google.com,1.00,2,India,11.22,11.223,1,tags: xxxx,Text Formatted with Full HTML,Text Formatted Long with Full HTML. http://yahoomail.com,Text Formatted Long summary with Full HTML,Text Plain for testing,Text plain long,1501844915,"xxx@gmail.com, yyyy@hotmail.com"
Content Import Test2,"<div>
<h2>What is Lorem Ipsum</h2>
<p><strong>Lorem Ipsum</strong> is simply dummy text of the printing and typesetting industry. Lorem Ipsum has been the industry's standard dummy text ever since the 1500s, when an unknown printer took a galley of type and scrambled it to make a type specimen book. It has survived not only five centuries, but also the leap into electronic typesetting, remaining essentially unchanged. It was popularised in the 1960s with the release of Letraset sheets containing Lorem Ipsum passages, and more recently with desktop publishing software like Aldus PageMaker including versions of Lorem Ipsum.</p>
</div>",xxxx.jpeg,Off,COmment2,2017-08-04 7:51:45,xxx@gmail.com,http://google.com,1.00,2,USA,12.22,11.212,2,tags: xxxx,Text Formatted with Full HTML,Text Formatted Long with Full HTML. http://yahoomail.com,Text Formatted Long summary with Full HTML,Text Plain for testing,Text plain long,1501588865,"yyyy@yahoo.com, zzz@gmail.com"
Content Import Test3,"<div>
<h2>What is Lorem Ipsum</h2>
<p><strong>Lorem Ipsum</strong> is simply dummy text of the printing and typesetting industry. Lorem Ipsum has been the industry's standard dummy text ever since the 1500s, when an unknown printer took a galley of type and scrambled it to make a type specimen book. It has survived not only five centuries, but also the leap into electronic typesetting, remaining essentially unchanged. It was popularised in the 1960s with the release of Letraset sheets containing Lorem Ipsum passages, and more recently with desktop publishing software like Aldus PageMaker including versions of Lorem Ipsum.</p>
</div>",yyy.jpg,Yes,COmment2,2017-08-04 7:51:45,xxx@gmail.com,http://google.com,1.00,3,UK,13.22,12.223,3,tags: xxxx,Text Formatted with Full HTML,Text Formatted Long with Full HTML. http://yahoomail.com,Text Formatted Long summary with Full HTML,Text Plain for testing,Text plain long,1501588865,"xxx@gmail.com, yyyy@hotmail.com"
Content Import Test4,"<div>
<h2>What is Lorem Ipsum</h2>
<p><strong>Lorem Ipsum</strong> is simply dummy text of the printing and typesetting industry. Lorem Ipsum has been the industry's standard dummy text ever since the 1500s, when an unknown printer took a galley of type and scrambled it to make a type specimen book. It has survived not only five centuries, but also the leap into electronic typesetting, remaining essentially unchanged. It was popularised in the 1960s with the release of Letraset sheets containing Lorem Ipsum passages, and more recently with desktop publishing software like Aldus PageMaker including versions of Lorem Ipsum.</p>
</div>",yyy.jpg,On,COmment2,2017-08-04 7:51:45,xxx@gmail.com,http://google.com,1.00,4,India,14.22,14.223,4,yyyy: zzzz,Text Formatted with Full HTML,Text Formatted Long with Full HTML. http://yahoomail.com,Text Formatted Long summary with Full HTML,Text Plain for testing,Text plain long,1501588865,"yyyy@yahoo.com, zzz@gmail.com"
Content Import Test5,"<div>
<h2>What is Lorem Ipsum</h2>
<p><strong>Lorem Ipsum</strong> is simply dummy text of the printing and typesetting industry. Lorem Ipsum has been the industry's standard dummy text ever since the 1500s, when an unknown printer took a galley of type and scrambled it to make a type specimen book. It has survived not only five centuries, but also the leap into electronic typesetting, remaining essentially unchanged. It was popularised in the 1960s with the release of Letraset sheets containing Lorem Ipsum passages, and more recently with desktop publishing software like Aldus PageMaker including versions of Lorem Ipsum.</p>
</div>",yyy.jpg,Off,COmment2,2017-08-04 7:51:45,xxx@gmail.com,http://google.com,1.00,5,India,15.22,16.3,5,aaaa: bbbb,Text Formatted with Full HTML,Text Formatted Long with Full HTML. http://yahoomail.com,Text Formatted Long summary with Full HTML,Text Plain for testing,Text plain long,1501588865,aaa@yyy.com